fst_mean,fst_sd,pi_h,eta,tau,rho
0.31768730430821757,0.1855151147982905,50.1006437696389,0.15,0.75,0.55
